,English,,German,,Swedish,,French,,,Greek,,Spanish,,Portuguese,,Czech,,Slovenian,,Slovak,,Bosnian,
,CLASSIFICATION,SLUG,Einordnung,SLUG,KLASSIFICERING,SLUG,CLASSIFICATION,SLUG,,ΤΑΞΙΝΟΜΗΣΗ,SLUG,CLASIFICACIÓN,SLUG,CLASSIFICAÇÃO,SLUG,KLASIFIKACE,SLUG,RAZVRSTITEV,SLUG,KLASIFIKÁCIA,SLUG,KLASIFIKACIJA ,SLUG
,Parks and Gardens,,Parks und Gärten,,Parker och trädgårdar,,Parcs et jardins,,,Πάρκα και Κήποι,,Parques y jardines,,Parques e Jardins ,,Parky a zahrady,,Parki in vrtovi ,,Parky a záhrady,,Parkovi i bašte ,
,Car Dealers,,Autoverkäufer,,Bilfirmor,,Concessionnaires automobiles,,,Έμποροι Αυτοκινήτων,,Venta de coches,,Venedores de Automóveis ,,Prodejci aut,,Prodaja vozil,,Predajcovia áut,,Prodavci automobila ,
,Bazaars and Markets,,Basare und Märkte,,Basarer och marknader,,Bazars et marchés,,,Παζάρια και Αγορές,,Mercados y bazares,,Bazares e Mercados ,,Bazary a trhy,,Bazarji in tržnice,,Bazáre a tržnice,,Bazari i pijace ,
,Petrol Stations,,Tankstellen,,Bensinstationer,,Stations d’essence,,,Βενζινάδικα,,Gasolineras,,Postos de Abastecimento,,Čerpací stanice,,Bencinske črpalke,,Čerpacie stanice,,Benzinske stanice ,
,Car Parks,,Parkhäuser,,Parkeringsplatser,,Parcs de stationnement,,,Πάρκινγκ,,Aparcamientos,,Parques de Estacionamento ,,Parkoviště,,Parkirišča,,Parkoviská,,Parkirališta ,
,Sports,,Sport,,Sporter,,Sports,,,Σπορ,,Deportes,,Desportos ,,Sport,,Športi,,Športy,,Sportovi ,
,Monuments,,Monumente,,Monument,,Monuments,,,Μουσεία,,Monumentos,,Monumentos ,,Pamětihodnosti,,Spomeniki,,Pamiatky,,Spomenici ,
,Historical Buildings,,Historische Gebäude,,Historiska byggnader,,Constructions historiques,,,Ιστορικά Κτίρια,,Edificios Históricos,,Edifícios Históricos ,,Historické budovy,,Zgodovinske zgradbe,,Historické budovy,,Istorijske zgrade ,
,Solariums,,Solarien,,Solarier,,Solariums,,,Σολάριουμ,,Soláriums,,Solários ,,Solária,,Solariji,,Soláriá,,Solarijumi ,
,Sports and Tourist Shops,,Sport- und Touristengeschäfte,,Sport- och turistbutiker,,Boutiques de sport et de tourisme,,,Καταστήματα Αθλητικών και Τουριστικών Ειδών,,Tiendas turísticas y de deportes,,Desportos e Lojas para Turistas ,,Sportovní a turistické prodejny,,Športne in turistične trgovine,,Športové a turistické obchody,,Sportske i turističke prodavnice ,
,Hairdressers and Beauticians,,Frisöre und Beautygeschäfte,,Hårfriseringar och skönhetssalonger,,Salons de coiffure et salons de beauté,,,Κομμωτές και Αισθητικοί,,Peluquerías y esteticién,,Cabeleireiros e Esteticistas ,,Kadeřnictví a kosmetika,,Frizerski in lepotni saloni,,Kaderníctva a kozmetické salóny,,Frizeri i kozmetičari ,
,Post,,Post,,Post,,Bureaux de poste,,,Ταχυδρομείο,,Correos,,Correios ,,Pošta,,Pošta,,Pošta,,Pošta ,
,Sports Clubs,,Sportvereine,,Sportklubbar,,Sports Clubs,,,Αθλητικοί Σύλλογοι,,Clubes deportivos,,Clubes Desportivos ,,Sportovní kluby,,Športni klubi,,Športové kluby,,Sportski klubovi ,
,Embassies,,Botschaften,,Ambassader,,Ambassades,,,Πρεσβείες,,Embajadas,,Embaixadas ,,Velvyslanectví,,Ambasade,,Ambasády,,Ambasade ,
,Police,,Polizei,,Polis,,Police,,,Αστυνομία,,Policía,,Polícia ,,Policie,,Policija,,Polícia,,Policija ,
,Delicatessen,,Delikatessen,,Delikatessbutiker,,Épiceries fines,,,Ντελικατέσεν,,Delicatessen,,Delicatessen ,,Lahůdky,,Delikatese,,Delikatesy,,Delikatese ,
,Recycling,,Recycling,,Återvinning,,Recyclage,,,Ανακύκλωση,,Reciclaje,,Reciclagem ,,Recyklace,,Reciklaža,,Recyklácia,,Reciklaža ,
,Security,,Sicherheit,,Säkerhet,,Sécurité,,,Ασφάλεια,,Seguridad,,Segurança ,,Bezpečnost,,Varnost,,Bezpečnosť,,Bezbjednost ,
,Animal Shelters,,Tierheime,,Djurskyddsorganisationer,,Refuges pour animaux,,,Καταφύγια Ζώων,,Protectora de animales,,Abrigos para Animais ,,Zvířecí útulky,,Zavetišča za živali ,,Útulok zvierat,,Prihvatilišta za životinje ,
,Romanian Restaurants,,Rumänische Restaurants,,Rumänska restauranger,,Restaurants roumains,,,Ρουμανικά Εστιατόρια,,Restaurantes rumanos,,Restaurantes Romenos,,Rumunské restaurace,,Romunske restavracije,,Rumunské reštaurácie,,Rumunski restorani ,
,Croatian Restaurants,,Kroatische Restaurants,,Kroatiska restauranger,,Restaurants croates,,,Κροατικά Εστιατόρια,,Restaurantes croatas,,Restaurantes Croatas,,Chorvatské restaurace,,Hrvaške restavracije,,Chorvátske reštaurácie,,Hrvatski restorani ,
,Macedonian Restaurants,,Mazedonische Restaurants,,Makedonska restauranger,,Restaurants macédoniens,,,Μακεδονικά Εστιατόρια,,Restaurantes macedonios,,Restaurantes Macedónios,,Makedonské restaurace,,Makedonske restavracije,,Macedónske reštaurácie,,Makedonski restorani ,
,Bulgarian Restaurants,,Bulgarische Restaurants,,Bulgariska restauranger,,Restaurants bulgares,,,Βουλγαρικά Εστιατόρια,,Restaurantes búlgaros,,Restaurantes Búlgaros,,Bulharské restaurace,,Bolgarske restavracije,,Bulharské reštaurácie,,Bugarski restorani ,
,Clubs and Live Music,,Mazedonische Restaurants,,Klubbar och musikställen,,Clubs et musique en direct,,,Κλαμπ και Ζωντανή Μουσική,,Discotecas y música en directo,,Clubes e Música ao Vivo ,,Kluby a živá hudba,,Klubi in glasba v živo,,Kluby a živá hudba,,Klubovi i muzika uživo ,
,Bowling and Billiards,,Clubs und Live Musik,,Bowling och biljard,,Salons de quilles et salles de billard,,,Μπόουλινγκ και Μπιλιάρδα,,Bolos y billar,,Bowling e Bilhar ,,Bowling a kulečník,,Kegljanje in biljard ,,Bowling a biliard,,Kuglanje i bilijar ,
,Casinos,,Bowling und Billard,,Kasinon,,Casinos,,,Καζίνο,,Casinos,,Casinos ,,Kasina,,Igralnice,,Kasína,,Kazina ,
,Zoos,,Kasinos,,Djurparker,,Zoos,,,Ζωολογικοί Κήποι,,Zoológicos,,Jardins Zoológicos ,,Zoologické zahrady,,Živalski vrtovi,,Zoo,,Zoološki vrtovi ,
,Ticket Centres,,Zoos,,Biljettcentrum,,Billetteries,,,Εκδοτήρια Εισιτηρίων,,Venta de entradas ,,Centros de Bilhetes ,,Prodejny vstupenek,,Centri z vstopnicami,,Predajne vstupeniek,,Prodaja karata ,
,Car Hire,,Ticketshops,,Biluthyrning,,Location de voitures,,,Ενοικιάσεις Αυτοκινήτων,,Alquiler de coches,,Aluguer de Automóveis ,,Pronájem aut,,Najem avtomobilov,,Prenájom áut,,Iznajmljivanje automobila ,
,Arts and Crafts,,Autoverleihe,,Konst och konsthantverk,,Artisanat,,,Τέχνες και Χειροτεχνία,,Artesanía y manualidades,,Artes e Ofícios ,,Umění a řemesla,,Umetnost in obrt,,Umenie a remeslá,,Umjetnosti i zanati ,
,Travel Agencies and Tour Operators,,Kunst und Kunthandwerk,,Resebyråer  och researrangörer,,Agences de voyages et visites guidées,,,Ταξιδιωτικά Γραφεία και Τουριστικοί Πράκτορες,,Agencias de viajes y operadores turísticos,,Agências de Viagens e Operadores Turísticos ,,Cestovní kanceláře a průvodci,,Potovalne agencije in organizatorji potovanj,,Cestovné kancelárie a prevádzkovatelia zájazdov,,Turističke agencije i turoperatori ,
,Guest Houses,,Reisebüros und Reiseveranstalter,,Gästhem,,Chambres d’hôte,,,Ξενώνες,,Pensiones,,Casas de Hóspedes ,,Penziony,,Sobe za goste,,Penzióny,,Pansioni ,
,Attractions,,Gästehäuser,,Attraktioner,,Attractions touristiques,,,Αξιοθέατα,,Atracciones,,Atrações ,,Atrakce,,Atrakcije,,Atrakcie,,Atrakcije ,
,Wineries,,Attraktionen,,Vinbarer,,Vineries,,,Οινοποιεία,,Tiendas de vinos,,Vinícolas ,,Vinárny,,Vinotoči ,,Vinárne,,Vinarije ,
,Cinemas,,Weinkellereien,,Biografer,,Cinémas,,,Κινηματογράφοι,,Cines,,Cinemas ,,Kina,,Kinodvorane,,Kiná,,Bioskopi ,
,Museums,,Kinos,,Museer,,Musées,,,Μουσεία,,Museos,,Museus ,,Muzea,,Muzeji,,Múzeá,,Muzeji ,
,Opera; Ballet and Classical Music,,Museen,,Opera: Balett och klassisk musik,,"Opéras, ballets et concerts classiques",,,Όπερα: Μπαλέτο και Κλασική Μουσική,,"Ópera, ballet y música clásica",,Ópera; Ballet e Música Clássica ,,"Opera, balet a klasická hudba",,Opera; Balet in klasična glasba,,"Opera, balet a klasická hudba",,Opera; Balet i klasična muzika ,
,Beaches,,"Oper, Ballett und klassische Musik",,Badstränder,,Plages,,,Παραλίες,,Playas,,Praias ,,Pláže,,Plaže,,Pláže,,Plaže ,
,Theatres,,Strände,,Teatrar,,Théâtres,,,Θέατρα,,Teatros,,Teatros ,,Divadla,,Gledališča,,Divadlá,,Pozorišta ,
,Dance Classes,,Theater,,Danskurser,,Cours de danse,,,Μαθήματα Χορού,,Clases de baile,,Aulas de Dança ,,Taneční kurzy,,Plesni tečaji,,Lekcie tanca,,Plesne škole ,
,Art Galleries and Shops,,Tanzkurse,,Konstgallerier och butiker,,Boutiques et galeries d’art,,,Γκαλερί και Καταστήματα Τέχνης,,Galerías y tiendas de arte,,Galerias de Arte e Lojas ,,Galerie a prodejny umění,,Umetnostne galerije in prodajalne,,Umelecké galérie a obchody,,Umjetničke galerije i prodavnice ,
,Childrens Play Centres and Creches,,Kunstgallerien und Geschäfte,,Lekparker och barnkrubbor,,Crèches et centres récréatifs pour enfants,,,Παιδότοποι και Βρεφονηπιακοί Σταθμοί,,Salas de juego infantiles y guarderías,,Centros Lúdicos de Crianças e Creches ,,Střediska pro děti a jesle,,Otroški centri in jasli,,Centrá detských hier a jasle,,Dječije igraonice i jaslice ,
,Circuses,,Kinderkrippen,,Cirkusar,,Cirques,,,Τσίρκα,,Circos,,Circos ,,Cirkusy,,Cirkusi,,Cirkusy,,Cirkusi ,
,Book Shops,,Zirkusse,,Bokhandlar,,Boutiques de livres,,,Βιβλιοπωλεία,,Librerías,,Livrarias ,,Knihkupectví,,Knjigarne,,Kníhkupectvá,,Knjižare ,
,Bakeries,,Bücherladen,,Bagerier,,Boulangerie,,,Φούρνοι,,Pastelerías,,Padarias,,Pekárny,,Pekarne,,Pekárne,,Pekare,
,Butchers,,Bäckereien,,Slaktare,,Bouchers,,,Κρεοπωλεία,,Carnicerías,,Talhos ,,Řeznictví,,Mesar,,Mäsiarstva,,Mesnice ,
,Chocolate Shops,,Metzger,,Chokladbutiker,,Chocolateries,,,Σοκολατερίες,,Tiendas de chocolate,,Lojas de Chocolate,,Prodejny čokolády,,Trgovine s čokolado ,,Obchody s čokoládou,,Prodavnice čokolade ,
,Curtain Shops,,Schokoladengeschäfte,,Gardinbutiker,,Boutique de tissus,,,Καταστήματα Κουρτινών,,Tiendas de cortinas,,Lojas de Cortinas,,Prodejny se závěsy,,Trgovine z zavesami,,Obchody so záclonami,,Prodavnice zavjesa,
,Fishmongers,,Stoffgeschäfte,,Fiskhandlare,,Poissonneries,,,Ιχθυοπωλεία,,Pescadería,,Peixarias ,,Rybárny,,Ribarnice,,Obchod s rybami,,Ribarnice ,
,Fruit and Vegetable Shops,,Fischgeschäfte,,Frukt- och grönsakshandlare,,Marchés de fruits et légumes,,,Καταστήματα Φρούτων και Λαχανικών,,Fruterías y verdulerías,,Lojas de Frutas e Vegetais,,Ovoce a zelenina,,Trgovine s sadjem in zelenjavo,,Obchod s ovocím a zeleninou,,Prodavnice voća i povrća,
,Lighting Shops,,Obst- und Gemüseläden,,Belysningsbutiker,,Boutiques de luminaires,,,Καταστήματα Φωτιστικών,,Tiendas de lámparas,,Lojas de Iluminação ,,Svítidla,,Trgovine z lučmi,,Obchody s osvetlením,,Prodavnice rasvjete,
,Pharmacies,,Leuchtmittelgeschäft,,Apotek,,Pharmacies,,,Φαρμακεία,,Farmacias,,Farmácias ,,Lékárny,,Lekarne,,Lekárne,,Apoteke ,
,24 Hour Pharmacies,,Apotheken,,Dygnet-runt-öppna apotek,,Pharmacies 24 h,,,Διανυκτερεύοντα Φαρμακεία,,Farmacias 24 horas,,Farmácias 24 Horas ,,Nonstop lékárny,,24 ur lekarne,,24-hodinové lekárne,,Dežurne apoteke ,
,Aromatherapy,,24-Stunden-Apotheken,,Aromaterapi,,Aromathérapie,,,Αρωματοθεραπεία,,Aromaterapia,,Aromaterapia ,,Aromaterapie,,Aromaterapija,,Aromaterapia,,Aromaterapija ,
,Healthy Living,,Aromatherapie,,Hälsokost,,Bien-être,,,Υγιεινή Ζωή,,Vida sana,,Vida Saudável ,,Zdravý život,,Zdravo življenje,,Zdravý životný štýl,,Zdrav život ,
,Yoga; Meditation and Pilates,,Gesundes Leben,,Yoga: Meditation och pilates,,"Yoga, méditation et Pilates",,,Γιόγκα: Διαλογισμός και Πιλάτες,,"Yoga, meditación y pilates",,Ioga; Meditação e Pilates ,,"Jóga, meditace a Pilates",,Joga; Meditacija in pilates,,"Joga, meditácia a pilates",,Joga; Meditacija i pilates ,
,Kinesiotherapy,,"Yoga, Meditation und Pilates",,Kinesiologi,,Kinésithérapie,,,Κινησιοθεραπεία,,Kinesioterapia,,Cinesioterapia ,,Kinezioterapie,,Kinezioterapija,,Kinezioterapia,,Kineziterapija ,
,Beauty Salons,,Kinesiotherapie,,Skönhetssalonger,,Salons de beauté,,,Ινστιτούτα Αισθητικής,,Salones de belleza,,Salões de Beleza ,,Salóny krásy,,Lepotni saloni,,Salóny krásy,,Saloni ljepote ,
,Party Accessories,,Beauty-Salons,,Festtillbehör,,Accessoires de fête,,,Αξεσουάρ για Πάρτι,,Artículos para fiestas,,Acessórios para Festas ,,Partyshopy,,Pripomočki za zabave,,Predaj doplnkov na večierky,,Pribor za zabave ,
,Supermarkets,,Party-Bedarf,,Snabbköp,,Supermarchés,,,Σουπερμάρκετ,,Supermercados,,Supermercados ,,Supermarkety,,Supermarket,,Supermarkety,,Supermarketi ,
,Jewellery Shops,,Supermärkte,,Guldsmeder,,Bijouteries,,,Κοσμηματοπωλεία,,Joyerías,,Joalharias ,,Šperky,,Zlatarne,,Klenotníctva,,Prodavnice nakita,
,Antique Shops,,Juweliere,,Antikaffärer,,Antiquaires,,,Αντίκες,,Tiendas de antigüedades,,Lojas de Antiguidades ,,Starožitnosti,,Starinarnice,,Starožitníctva,,Antikvarnice ,
,Bio Shops,,Antiquitätenläden,,Biobutiker,,Boutiques bio,,,Καταστήματα Βιολογικών Προϊόντων,,Biotiendas,,Bio Lojas ,,Bioprodejny,,Bio trgovine,,Bio obchody,,Bio prodavnice ,
,Wine Shops,,Bioläden,,Vinbutiker,,Boutiques de vins,,,Κάβες,,Vinería,,Lojas de Vinho ,,Prodejny s vínem,,Vinoteke,,Predajne vín,,Prodavnice vina ,
,Garden Centres and Shops,,Weinläden,,Trädgårdscenter och -butiker,,Centres du jardin,,,Καταστήματα και Κέντρα Κήπου,,Floristerías,,Centros e Lojas de Jardinagem,,Zahradnická centra a prodejny,,Vrtni centri in trgovine,,Záhradné strediská a obchody,,Vrtni centri i prodavnice ,
,Massage,,Gartenzentren,,Massage,,Massothérapie,,,Μασάζ,,Masajes,,Massagem ,,Masáže,,Masaže,,Masáž,,Masaža ,
,Perfumery and Cosmetics Shops,,Massage,,Parfymerier,,Boutiques de parfums et de cosmétiques,,,Καταστήματα Αρωμάτων και Καλλυντικών,,Tiendas de perfume y cosmética,,Perfumaria e Lojas de Cosméticos,,Parfumerie a prodejny s kosmetikou,,Parfumerije in kozmetične trgovine,,Obchody s parfumami a kozmetikou,,Parfimerija i prodavnice kozmetike ,
,Party and Event Organizers,,Parfümerien und Kosmetikläden,,Fest- och eventarrangörer,,Organisateurs de fêtes et d’événements,,,Διοργανωτές Πάρτι και Εκδηλώσεων,,Organizadores de fiestas y eventos,,Organizadores de Festas e Eventos,,Organizátoři party a akcí,,Organizacija zabav in dogodkov,,Organizátori večierkov a udalostí,,Organizatori zabava i događaja,
,Babysitters and Childcare,,Party- und Eventagenturen,,Barnvakter,,Gardiens d’enfants et services de garde,,,Μπέιμπι-σίτερ και Παιδική Φροντίδα,,Niñeras y cuidado infantil,,Babysitters e Cuidado de Crianças Babysitters e Cuidado de Crianças Babysitters e Cuidado de Crianças Babysitters e Cuidado de Crianças Babysitters e Cuidado de Crianças Babysitters e Cuidado de Crianças Babysitters e Cuidado de Crianças Babysitters e Cuidado de Crianças Babysitters e Cuidado de Crianças Babysitters e Cuidado de Crianças Babysitters e Cuidado de Crianças Babysitters e Cuidado de Crianças Babysitters e Cuidado de Crianças Babysitters e Cuidado de Crianças Babysitters e Cuidado de Crianças Babysitters e Cuidado de Crianças ,,Hlídání dětí a péče o děti,,Varuške in varstvo otrok,,Stráženie detí a starostlivosť o deti,,Bejbisiterke i briga o djeci ,
,Launderettes,,Babysitter und Tagesmütter,,Tvättomater,,Buanderies,,,Πλυντήρια,,Lavanderías,,Lavandarias ,,Samoobslužné prádelny,,Pralnice,,Pranie a žehlenie bielizne,,Praonice rublja ,
,Bathroom Equipment and Furniture Manufacturing; Sales and Installation,,Waschsalons,,Badrumsutrustning och badrumsinredning Tillverkning; Försäljning och installation,,Équipement et production de meubles pour salles de bains ; Vente et installation,,,Εξοπλισμός Μπάνιου και Κατασκευή Επίπλου: Πωλήσεις και Εγκατάσταση,,"Fabricación, venta e instalación de muebles y equipamiento para baños",,Fabrico de Equipamento e Mobília de Casas de Banho; Vendas e Instalação ,,Výroba vybavení a nábytku do koupelen; prodej a montáž,,Kopalniška oprema in izdelava pohištva; Prodaja in namestitev,,"Výbava do kúpeľne a výroba nábytku, predaj a montáž",,Proizvodnja opreme i namještaja za kupatila; Prodaja i montaža,
,Furniture Wholesale,,Sanitärausstattung; Verkauf und Installation,,Inredningsgrossister,,Meubles en gros,,,Χονδρική Πώληση Επίπλων,,Muebles al por mayor,,Móveis por atacado ,,Velkoobchod s nábytkem,,Prodaja pohištva na debelo,,Veľkoobchod nábytku,,Veleprodaja namještaja ,
,Kitchen Equipment and Furniture Manufacturing; Sales and Installation,,Möbelverkauf,,Köksutrustning och köksinredning Tillverkning: Försäljning och installation,,Équipement et production de meubles pour cuisines ; Vente et installation,,,Εξοπλισμός Κουζίνας και Κατασκευή Επίπλου: Πωλήσεις και Εγκατάσταση,,"Fabricación, venta e instalación de muebles y equipamiento de cocina",,Fabrico de Equipamento e Mobília de Cozinha; Vendas e Instalação ,,Výroba vybavení a nábytku do kuchyní; prodej a montáž,,Kuhinjska oprema in izdelava pohištva; Prodaja in namestitev,,"Kuchynské vybavenie a výroba nábytku, predaj a montáž",,Proizvodnja kuhinjske opreme i namještaja; Prodaja i montaža ,
,Lawns and Parks Services,,Küchenausstattung; Verkauf und Installation,,Gräsmattor och parkservice,,Services d’entretien de la pelouse et des jardins,,,Υπηρεσίες Φροντίδας Γκαζόν και Πάρκων,,Servicios para césped y parques,,Relvados e Serviços de Parques ,,Služby pro trávníky a parky,,Storitve za trate in parke,,Služby pre trávniky a parky,,Službe za održavanje travnjaka i parkova ,
,Banks,,Landschaftsgärtnerei,,Banker,,Banques,,,Τράπεζες,,Bancos,,Bancos ,,Banky,,Banke,,Banky,,Banke ,
,Financial Services,,Banken,,Finansiella tjänster,,Services financiers,,,Χρηματοοικονομικές Υπηρεσίες,,Servicios financieros,,Serviços Financeiros ,,Finanční služby,,Finančne storitve,,Finančné služby,,Finansijske usluge ,
,General Insurance,,Finanzdienstleistungen,,Försäkringsbolag,,Assurances générales,,,Γενικές Ασφάλειες,,Seguros generales,,Seguros Gerais ,,Obecné pojištění,,Splošno zavarovanje,,Všeobecné poistenie,,Opšte osiguranje ,
,Spedition and International Transport,,Allgemeine Versicherungen,,Speditionoch internationella transporter,,Spédition et transport international,,,Αποστολές και Διεθνείς Μεταφορές,,Transportes y transportes internacionales,,Expedição e Transporte Internacional ,,Spedice a mezinárodní přeprava,,Špedicija in mednarodni transport,,Špedícia a medzinárodná preprava,,Špedicija i međunarodni prevoz ,
,Chambers of Commerce and Industry,,Spedition und internationaler Transport,,Handelskammaren,,Chambres de commerce et d’industries,,,Εμπορικά και Βιομηχανικά Επιμελητήρια,,Cámaras de comercio e industria,,Câmaras de Comércio e Indústria ,,Obchodní a průmyslové komory,,Gospodarske in industrijske zbornice,,Komora obchodu a priemyslu,,Privredna komora i industrija ,
,Hospices,,Industrie- und Handelskammer,,Hospice,,Maisons de retraite,,,Άσυλα,,Hospicios,,Hospícios ,,Hospicy,,Hospic,,Hospice,,Hospisi ,
,Nonprofit Organisations and Companies,,Hospize,,Icke vinstdrivande föreningar och företag,,Organisations à but non lucratif,,,Μη Κερδοσκοπικοί Οργανισμοί και Εταιρείες,,Organizaciones y empresas sin ánimo de lucro,,Organizações e Empresas sem fins lucrativos ,,Neziskové organizace a společnosti,,Neprofitne organizacije in podjetja,,Neziskové organizácie a spoločnosti,,Neprofitne organizacije i kompanije ,
,Advertising,,Nonprofit-Organisationen und Unternehmen,,Annonsering,,Publicité,,,Διαφήμιση,,Anuncios,,Publicidade ,,Reklama,,Oglaševanje,,Reklama,,Oglašavanje ,
,Advertising Agencies,,Werbung,,Annonsbyråer,,Agences de publicité,,,Διαφημιστικά Γραφεία,,Agencias de publicidad,,Agências de Publicidade ,,Reklamní agentury,,Oglaševalske agencije,,Reklamné agentúry,,Agencije za oglašavanje ,
,Designers,,Werbeagenturen,,Designers,,Designers,,,Σχεδιαστές,,Diseñadores,,Designers ,,Designéři,,Oblikovalci,,Dizajnéri,,Dizajneri ,
,Public Relations Agencies,,Designer,,PR-företag,,Agences de relations publiques,,,Πρακτορεία Δημοσίων Σχέσεων,,Agencias de relaciones públicas,,Agências de Relações Públicas ,,PR agentury,,Agencije za stike z javnostmi,,Agentúry vzťahov s verejnosťou,,Agencije za odnose sa javnošću,
,Recording Studios and Services,,PR-Agenturen,,Inspelningsstudior och tjänster,,Studios d’enregistrement,,,Στούντιο και Υπηρεσίες Ηχογράφησης,,Estudios y servicios de grabación,,Estúdios e Serviços de Gravação,,Nahrávací studia a služby,,Snemalni studio in storitve,,Nahrávacie štúdiá a súvisiace služby,,Studiji i usluge snimanja,
,Accounting Services,,Aufnahmestudios,,Redovisningstjänster,,Services comptables,,,Λογιστικές Υπηρεσίες,,Servicios de contabilidad,,Serviços de Contabilidade,,Účetní služby,,Računovodske storitve,,Účtovnícke služby,,Računovodstvene usluge,
,Agrochemical Services,,Buchhaltungsservice,,Agrokemiska tjänster,,Services d’agrochimie,,,Αγροτοχημικές Υπηρεσίες,,Servicios agroquímicos,,Serviços de Agroquímicos,,Agrochemické služby,,Agrokemične storitve,,Agrochemické služby,,Agrohemijske usluge,
,Customs Agents and Services,,Agrarchemische Dienstleistungen,,Tullagenter och tulltjänster,,Agents des douanes et services douaniers,,,Εκτελωνιστές και Εκτελωνιστικές Υπηρεσίες,,Agentes y servicios de aduana,,Agentes e Serviços Aduaneiros,,Celní zprostředkovatelství a služby,,Carinski agenti in storitve,,Colní agenti a súvisiace služby,,Carinski agenti i usluge,
,Geodesy and Cartography,,Zollbeamte,,Geodesi och kartografi,,Cartographie et géodésie,,,Γεωδαισία και Χαρτογραφία,,Geodesia y cartografía,,Geodésia e Cartografia,,Geodézie a kartografie,,Geodezija in kartografija,,Geodézia a kartografia,,Geodezija i kartografija,
,Lawyers,,Kartografen,,Advokater,,Avocats,,,Δικηγόροι,,Abogados,,Advogados,,Právníci,,Odvetniki,,Právnici,,Advokati,
,Notaries,,Anwälte,,Notarier,,Notaires,,,Συμβολαιογράφοι,,Notarios,,Notários,,Notáři,,Notarji,,Notári,,Notari,
,Business Centres,,Notare,,Affärscenter,,Centres d’affaires,,,Επιχειρηματικά Κέντρα,,Centros de negocios,,Centros de Negócios,,Business centra,,Poslovni centri,,Biznis centrá,,Poslovni centri,
,Certification and Registration Services,,Business-Center,,Certifierings- och registreringstjänster,,Services de certification et d’enregistrement,,,Υπηρεσίες Πιστοποίησης και Κατοχύρωσης,,Servicios de certificados e inscripciones,,Serviços de Certificação e Registro,,Certifikační a registrační služby,,Storitve za izdajo certifikatov in registracij,,Certifikačné a registračné služby,,Usluge sertifikovanja i registracije,
,Cleaning Commercial,,Zertifizierungs- und Registrierungsdienstleistungen,,Lokalvård,,Entretien ménager commercial,,,Επαγγελματικός Καθαρισμός,,Limpieza de comercios,,Limpeza Comercial,,Komerční čištění,,Komercialno čiščenje,,Čistiace firmy,,Čišćenje,
,Conference Halls and Venues,,Reinigungsunternehmen,,Konferenslokaler,,Salles de conférence,,,Αίθουσες και Χώροι Συνεδρίων,,Palacios y salas de conferencias,,Salas e Locais de Conferências,,Konferenční sály a prostory,,Konferenčne hale in prizorišča,,Konferenčné sály a miesta,,Konferencijske sale i prostori,
,Legal Services,,Konferenzräume und Empfänge,,Juridiska tjänster,,Services juridiques,,,Νομικές Υπηρεσίες,,Servicios legales,,Serviços Jurídicos,,Právní služby,,Pravne storitve,,Právne služby,,Pravne usluge,
,Classes; Courses and Lessons,,Rechtliche Dienstleistungen,,Kurser och undervisning,,"Cours, classes et leçons",,,Εκπαίδευση και Μαθήματα,,"Clases, cursos y cursillos",,Aulas; Cursos e Lições,,Výuka; kurzy a lekce,,Pouk; Tečaji in izobraževanja,,"Lekcie, kurzy a prednášky",,Časovi; Kursevi i lekcije,
,Language Classes and Courses,,Unterricht und Fortbildung,,Språkkurser,,Cours de langue,,,Γλωσσική Εκπαίδευση και Μαθήματα,,Clases y cursos de idiomas,,Aulas e Cursos de Línguas,,Jazykové kurzy a lekce,,Jezikovni tečaji in izobraževanja,,Jazykové kurzy a lekcie,,Časovi i kursevi jezika,
,Estate Agents,,Sprachkurse,,Fastighetsmäklare,,Agents immobiliers,,,Κτηματομεσίτες,,Inmobiliarias,,Agentes Imobiliários,,Realitní kanceláře,,Zemljiški agenti,,Realitní makléri,,Trgovci nekretninama,
,Churches and Temples,,Makler,,Kyrkor och tempel,,Églises et temples,,,Εκκλησίες και Μονές,,Iglesias y templos,,Igrejas e Templos,,Kostely a chrámy,,Cerkve in templji,,Kostoly a chrámy,,Crkve i hramovi,
,Mosques,,Kirchen und Tempel,,Moskéer,,Mosquées,,,Τεμένη,,Mezquitas,,Mesquitas,,Mešity,,Mošeje,,Mešity,,Džamije,
,Funeral Services,,Moscheen,,Begravningsbyråer,,Services funéraires,,,Γραφεία Τελετών,,Servicios funerarios,,Serviços Funerários,,Pohřební služby,,Pogrebne storitve,,Pohrebné služby,,Pogrebne usluge,
,Public Institutions,,Bestattungsinstitute,,Offentliga institutioner,,Institutions publiques,,,Δημόσια Ιδρύματα,,Instituciones públicas,,Instituições Públicas,,Veřejné instituce,,Javne institucije,,Verejné inštitúcie,,Javne institucije,
,Education,,Öffentliche Einrichtungen,,Utbildning,,Éducation,,,Εκπαίδευση,,Educación,,Educação,,Vzdělávání,,Izobrazba,,Vzdelanie,,Obrazovanje,
,Architectural Services,,Bildung,,Arkitekttjänster,,Services d’architecture,,,Αρχιτεκτονικές Υπηρεσίες,,Servicios de arquitectura,,Serviços de Arquitectura,,Architektonické služby,,Arhitekturne storitve,,Architektonické služby,,Arhitektonske usluge,
,Audio Visual Equipment and Electronics,,Architektonische Dienstleistungen,,Audiovisuell utrustning och elektronik,,Matériel audiovisuel,,,Οπτικοακουστικός Εξοπλισμός και Ηλεκτρονικά,,Equipo audiovisual y electrónico,,Equipamento Audiovisual e Eletrónica,,Audiovizuální vybavení a elektronika,,Avdio-vizualna oprema in elektronika,,Audiovizuálne vybavenie a elektronika,,Audio-video oprema i elektronika,
,Carpenters,,Audiovisuelle Ausrüstung und Elektronik,,Snickare,,Menuisiers,,,Ξυλουργοί,,Carpinteros,,Carpinteiros,,Truhláři,,Tesarji,,Stolári,,Stolari,
,Residential Construction,,Schreiner,,Byggnadskonstruktion,,Construction résidentielle,,,Κατασκευή Κατοικιών,,Construcción residencial,,Construção Residencial,,Rezidenční výstavba,,Stanovanjska gradnja,,Výstavba bytov,,Stanogradnja,
,Clinics,,Häuserbau,,Kliniker,,Cliniques,,,Κλινικές,,Clínicas,,Clínicas,,Kliniky,,Klinike,,Kliniky,,Klinike,
,Medical Practices,,Kliniken,,Läkarmottagningar,,Cabinets médicaux,,,Ιατρικές Πρακτικές,,Practicantes médicos,,Práticas Médicas,,Praktičtí lékaři,,Zdravniške prakse,,Lekárske ambulancie,,Medicinska praksa,
,Computer Sales,,Medizinische Praxen,,Datorer,,Vente d’ordinateurs,,,Πωλήσεις Υπολογιστών,,Venta de ordenadores,,Vendas de Computadores,,Prodej počítačů,,Prodaja računalnikov,,Predaj počítačov,,Prodaja računara,
,Fabric Shops,,Computerverkauf,,Tygaffärer,,Magasins de tissus,,,Καταστήματα Υφασμάτων,,Tienda de telas,,Lojas de Tecidos,,Prodejny s látkami,,Prodaja tkanin,,Obchody s látkami,,Prodavnice tkanina,
,Landscape Architects,,Stoffgeschäfte,,Landskapsarkitekter,,Aménagement du paysage,,,Αρχιτέκτονες Τοπίου,,Paisajistas,,Arquitectos Paisagistas,,Krajinní architekti,,Krajinski arhitekti,,Krajinní a záhradní architekti,,Pejzažni arhitekti,
,Furniture Manufacturing,,Landschaftsarchitekten,,Möbelverkstäder,,Production de meubles,,,Κατασκευή Επίπλων,,Fabricación de muebles,,Fabrico de Mobília,,Výroba nábytku,,Izdelava pohištva,,Výroba nábytku,,Proizvodnja namještaja,
,Wooden Floors and Laminates Manufacturing; Sales and Installation,,Möbelbau,,"Trägolv och laminat: Tillverkning, försäljning och installation ",,Production de planchers en bois et de revêtements de sols stratifiés ; Vente et installation,,,Κατασκευή Ξύλινων και Πλαστικοποιημένων Δαπέδων: Πωλήσεις και Εγκατάσταση,,"Fabricación, venta e instalación de laminados y suelos de madera",,Fabrico de Pisos e Laminados de Madeira; Vendas e Instalação,,Výroba dřevěných podlah a laminátů; prodej a montáž,,Izdelava lesenih tal in laminatov; Prodaja in namestitev,,"Výroba drevených podláh a laminátu, predaj a montáž",,Proizvodnja drvenih podova i laminata; Prodaja i montaža,
,Door Manufacturing; Sales and Fitting,,Holzböden und Laminat; Verkauf und Einbau,,Dörrtillverkning: Försäljning och inpassning,,Production de portes ; Vente et installation,,,Κατασκευή Θυρών: Πωλήσεις και Τοποθέτηση,,"Fabricación, venta e instalación de puertas",,Fabrico de Portas; Vendas e Montagem,,Výroba dveří; prodej a montáž,,Izdelava vrat; Prodaja in namestitev,,"Výroba dverí, predaj a osadenie",,Proizvodnja vrata; Prodaja i montaža,
,Bead Shops,,Türenbau; Verkauf und Anpassung,,Pärlbutiker,,Boutiques de perles,,,Καταστήματα Χαντρών,,Tiendas de abalorios,,Lojas de Pérolas,,Prodejny s korálky,,Prodaja biserjev,,Obchody s gorálkami,,Prodavnice perli,
,Wedding Agents,,Schmuckläden,,Bröllopsarrangörer,,Planificateurs de mariage,,,Διοργανωτές Γάμων,,Agentes de boda,,Agentes de Casamento,,Zprostředkovatelé svateb,,Poročni agenti,,Svadobné agentúry,,Agenti za vjenčanja,
,Wedding Shops,,Hochzeitsplaner,,Bröllopsbutiker,,Boutiques de mariage,,,Καταστήματα Ειδών Γάμου,,Tiendas de boda,,Lojas de Casamento,,Svatební potřeby,,Poročne trgovine,,Svadobné obchody,,Prodavnice svadbene opreme,
,Souvenir and Gift Shops,,Hochzeitsgeschäfte,,Souvenir- och presentaffärer,,Boutiques souvenirs,,,Καταστήματα Ενθυμίων και Δώρων,,Tiendas de regalos y souvenirs ,,Lojas de Lembranças e Presentes,,Prodejny se suvenýry a dárky,,Trgovine s spominki in darili,,Obchody so suvenírmi a darčekmi,,Prodavnice suvenira i poklona,
,Ladies Clothes Shops,,Souvenir- und Geschenkshops,,Damkläder,,Boutiques de vêtements pour femmes,,,Καταστήματα Γυναικείων Ενδυμάτων,,Tiendas de ropa femenina,,Lojas de Vestuário de Senhora,,Prodejny s dámským oblečením,,Trgovine z ženskimi oblačili,,Obchody so ženským oblečením,,Prodavnice ženske odjeće,
,24 Hour Shops,,24-Stunden-Geschäfte,,Dygnet-runt-öppna butiker,,Boutiques 24 h,,,Καταστήματα Ανοικτά Όλο το 24ωρο,,Tiendas 24 horas,,Lojas 24 Horas,,Nonstop prodejny,,24 ur trgovine,,Nonstop obchody,,Dragstori,
,Alcohol and Soft Beverages Shops,,Getränkehandel,,Öl- och läskaffärer,,Boutiques d’alcool et de boissons alcoolisées,,,Καταστήματα Οινοπνευματωδών και Αναψυκτικών,,Tiendas de alcohol y bebidas,,Lojas de Bebidas Alcoólicas e Refrigerantes,,Prodejny a alkoholem a nápoji,,Trgovine z alkoholom in pijačo,,Obchod s alkoholickými a nealko nápojmi,,Prodavnice alkoholnih i bezalkoholnih pića,
,Children's Goods and Toys Shops,,Kinderspielzeugläden,,Leksaksaffärer,,Magasins de jouets et produits pour enfants,,,Καταστήματα Παιδικών Ειδών και Παιχνιδιών,,Tiendas de juguetes y artículos para niños,,Lojas de Artigos e Brinquedos de Criança,,Zboží pro děti a hračkářství,,Trgovine z otroškimi igračami in pripomočki,,Hračkárstvo a tovar pre deti,,Prodavnice dječijih igračaka i robe,
,Electrical Appliance Shops,,Geschäfte für Haushaltsgeräte,,Elbutiker,,Boutique d’électroménagers,,,Καταστήματα Ηλεκτρικών Συσκευών,,Tiendas de electrodomésticos,,Lojas de Eletrodomésticos,,Prodejny s elektrickými spotřebiči,,Trgovine z električnimi napravami,,Obchod s elektrospotrebičmi,,Prodavnice električnih aparata,
,Erotic Shops,,Sex-Shops,,Sexbutiker,,Boutiques érotiques,,,Καταστήματα Ερωτικών Ειδών,,Tiendas eróticas,,Lojas Eróticas,,Sexshopy,,Erotične trgovine,,Erotické obchody,,Prodavnice erotske robe,
,Coffee; Tea; Herbs and Spices Shops,,"Kaffee-, Tee-, Kräuter- und Gewürzläden",,Kaffe- och tebutiker,,"Boutiques de café, de thé, d’herbes et d’épices",,,"Καταστήματα Καφέ, Τσαγιού, Βοτάνων και Μπαχαρικών",,"Tiendas de café, té, hierbas y especias",,Café; Chá ; Lojas de Ervas e Especiarias,,"Prodejny s kávou, čajem, bylinkami a kořením",,Kava; Čaj; Trgovine z začimbami in zelišči,,"Obchody s kávou, čajom, rastlinami a koreniami",,"Prodavnice kafe, čaja, bilja i začina",
,Leather and Fur Goods Shops,,Läden für Leder- und Pelzbedarf,,Läder och pälsaffärer,,Magasins de cuir et de fourrure,,,Καταστήματα Δερμάτινων Ειδών και Γουναρικών,,Tiendas de cuero y piel,,Lojas de Artigos de Couro e Pele,,Prodejny se zbožím z kůže a kožešiny,,Trgovine z usnjem in krznom,,Obchody predávajúce kožušiny a kožený tovar,,Prodavnice kože i krzna,
,Hunting and Fishing Accessories Shops,,Läden für Jagd- und Fischereizubehör,,Butiker för jakt- och fiskeutrustning,,Boutiques de chasse et de pêche,,,Καταστήματα Αξεσουάρ Κυνηγιού και Ψαρέματος,,Tiendas de accesorios para caza y pesca,,Lojas de Acessórios para Caça e Pesca,,Prodejny s potřebami pro lov a rybaření,,Trgovine s pripomočki za lov in ribarjenje,,Obchody predávajúce lovecké a rybárske príslušenstvo,,Prodavnice pribora za lov i ribolov,
,Specialized Shops for Disabled People,,Spezialläden für Menschen mit Behinderung,,Specialbutiker för handikappade,,Boutiques spécialisées pour personnes handicapées,,,Ειδικά Καταστήματα για ΑΜΕΑ,,Tiendas especializadas para discapacitados,,Lojas Especializadas para Pessoas com Deficiência,,Specializované prodejny pro hendikepované,,Specializirane trgovine za invalide ,,Špecializované obchody pre handicapovaných ľudí,,Specijalizovane prodavnice za osobe sa invaliditetom,
,Furniture Shops,,Möbelgeschäfte,,Möbelaffärer,,Magasins de meubles,,,Καταστήματα Επίπλων,,Tiendas de muebles,,Lojas de Móveis,,Prodejny nábytku,,Trgovine s pohištvom,,Obchody s nábytkom,,Prodavnice namještaja,
,Mobile Phone Shops,,Handygeschäfte,,Mobiltelefonförsäljare,,Magasins de téléphonie mobile,,,Καταστήματα Κινητών Τηλεφώνων,,Tiendas de teléfonos móviles,,Lojas de Telemóveis,,Prodejny s mobilními telefony,,Trgovine z mobilnimi telefoni,,Obchody s mobilnými telefónmi,,Prodavnice mobilnih telefona,
,Music Shops,,Musikgeschäfte,,Musikaffärer,,Magasins de musique,,,Καταστήματα Μουσικής,,Tiendas de música,,Lojas de Música,,Hudebniny,,Glasbene trgovine,,Hudobniny,,Muzičke prodavnice,
,Men's Fashion Shops,,Männermodegeschäfte,,Herrkläder,,Boutiques de vêtements pour hommes,,,Καταστήματα Ανδρικής Μόδας,,Tiendas de moda masculina,,Lojas de Moda para Homem,,Prodejny s pánskou módou,,Trgovine z moško modo,,Mužské módne obchody,,Prodavnice muške mode,
,Second Hand Clothes Shops,,Secondhand-Läden,,Butiker för begagnade kläder,,Friperies,,,Καταστήματα Μεταχειρισμένου Ρουχισμού,,Tiendas de ropa de segunda mano,,Lojas de Roupa em Segunda Mão,,Secondhandy,,Trgovine z rabljenimi oblačili,,Obchody s oblečením z druhej ruky,,Prodavnice polovne odjeće,
,Clothes and Accessories Shops,,Kleidung und Accessoires ,,Butiker för kläder och accessoarer,,Boutiques de vêtements,,,Καταστήματα Ένδυσης και Αξεσουάρ,,Tiendas de ropa y accesorios,,Lojas de Roupa e Acessórios,,Prodejny s oblečením a doplňky,,Trgovine z oblačili in pripomočki,,Obchody s oblečením a doplnkami,,Prodavnice odjeće i modnih dodataka,
,Shoe Shops,,Schuhgeschäfte,,Skoaffärer,,Magasins de chaussures,,,Καταστήματα Υποδημάτων,,Zapaterías,,Sapatarias,,Prodejny s obuví,,Trgovine s čevlji,,Obuvníctvo,,Prodavnice obuće,
,Shopping Malls,,Shopping Malls,,Gallerior,,Centres d’achats,,,Εμπορικά Κέντρα,,Centros comerciales,,Centros Comerciais,,Nákupní centra,,Nakupovalni centri,,Nákupné centrá,,Tržni centri,
,Artwork Shops,,Kunsthandwerksläden,,Konstbutiker,,Boutiques d’œuvres d’art,,,Καταστήματα Τέχνης,,Tiendas de arte,,Lojas de Peças de Arte,,Prodejny s uměním,,Trgovine z umetninami,,Obchody s umením,,Prodavnice umjetničkih djela,
,Grocery and Convenience Shops,,Gemischtwarenläden,,Mataffärer och närbutiker,,Magasins d’alimentation et épiceries du coin,,,Παντοπωλεία και Καταστήματα Ψιλικών,,Tiendas de conveniencia y de comestibles,,Mercearias e Lojas de Conveniência,,Potraviny,,Trgovine z živili in daljšim delovnim časom,,Potraviny a večierky,,Prodavnice i trgovine mješovitom robom,
,Florists,,Floristen,,Blomsterhandlare,,Fleuristes,,,Ανθοπωλεία,,Floristas,,Floristas,,Květinářství,,Cvetličarne,,Kvetinárstva,,Cvjećare,
,Clock and Watch Shops,,Uhrmacher,,Klockförsäljare,,Horlogeries,,,Καταστήματα Ωρολογοποιίας,,Relojerías,,Relojoarias,,Hodinářství,,Urarne in trgovine z urami,,Hodinárstva,,Prodavnice satova,
,Herbal Pharmacies,,Kräuter-Apotheken,,Naturapotek,,Herboristerie,,,Φαρμακεία Βοτάνων,,Herboristerías,,Farmácias Ervanárias,,Bylinkové lékárny,,Zeliščne lekarne,,Bylinné lekárstva,,Biljne apoteke,
,Hospitals,,Krankenhäuser,,Sjukhus,,Hôpitaux,,,Νοσοκομεία,,Hospitales,,Hospitais,,Nemocnice,,Bolnišnice,,Nemocnice,,Bolnice,
,Alternative Medicine,,Alternative Medizin,,Alternativmedicin,,Médecine douce,,,Εναλλακτική Ιατρική,,Medicina alternativa,,Medicina Alternativa,,Alternativní medicína,,Alternativna medicina,,Alternatívna medicína,,Alternativna medicina,
,Opticians,,Optiker,,Optiker,,Opticiens,,,Οπτικοί,,Ópticas,,Oculistas,,Optiky,,Optiki,,Očná optika,,Optičari,
,Polyclinics,,Mehrzweckkliniken,,Polikliniker,,Polycliniques,,,Πολυκλινικές,,Policlínicas ,,Policlínicas,,Polikliniky,,Poliklinike,,Polikliniky,,Poliklinike,
,Maternity,,Entbindungsstationen,,Mammakläder,,Maternité,,,Μητρότητα,,Maternidad,,Maternidade,,Porodnice,,Materinstvo,,Materstvo,,Porodilište,
,Tattoo and Body Piercing,,Tattoo- und Piercing-Studios,,Tatueringar och piercing,,Tatouages et perçage,,,Τατουάζ και Piercing Σώματος,,Tatuajes y piercings,,Tatuagem e Body Piercing,,Tetování a body piercing,,Tatuji in piercingi,,Tetovanie a piercing,,Tetoviranje i pirsing,
,Spas,,Spas,,Spa,,Spas,,,Σπα,,Spas,,Spas,,Lázně,,Toplice,,Kúpele,,Banje,
,Dental Services,,Zahnärztliche Dienstleistungen,,Tandvård,,Cliniques dentaires,,,Οδοντιατρικές Υπηρεσίες,,Servicios dentales,,Serviços Odontológicos,,Zubařské služby,,Zobozdravstvene storitve,,Zubná starostlivosť,,Stomatološke usluge,
,Carpet Cleaning,,Teppichreinigung,,Mattrengöring,,Nettoyage de tapis,,,Καθαριστήρια Ταπήτων,,Limpieza de moquetas,,Limpeza de Tapetes,,Čištění koberců,,Čiščenje preprog,,Čistenie kobercov,,Praonica tepiha,
,Translation; Legalization and Typing Services,,Übersetzungsdienstleistungen,,"Översättning, legalisering och maskinskrivning",,"Services de traduction, de légalisation et de dactylographie",,,Μετάφραση: Υπηρεσίες Επικύρωσης και Δακτυλογράφησης,,"Servicios de traducción, legalización y mecanografía",,Tradução; Serviços de Legalização e Digitação,,Překladatelství; soudní ověřování a písařství,,Prevodi; Legalizacija in tipkanje,,"Služby v oblasti prekladov, legalizácie a písania",,"Usluge prevođenje, legalizacije i daktilografije",
,ATMs,,Geldautomaten,,Bankomater,,Guichets automatiques,,,ATM,,Cajeros automáticos,,ATMs,,Bankomaty,,Bankomati,,Bankomaty,,Bankomati,
,Bars and Bistros,,Bars und Bistros,,Barer och bistroer,,Bars et bistros,,,Μπαρ και Μπιστρό,,Bares and bistrós,,Bares e Bistros,,Bary a bistra,,Bari in bistroji,,Bary a bistrá,,Barovi i bistroi,
,Pubs,,Kneipen,,Pubar,,Pubs,,,Παμπ,,Bares,,Pubs,,Hospody,,Pubi,,Krčmy,,Pabovi,
158,Fast Food Restaurants,,Restaurants – Fast Food,,Snabbmatsrestauranger,,Restauration rapide,,,Εστιατόρια - Ταχυφαγεία,,Restaurantes – comida rápida,,Restaurantes - Comida Rápida,,Restaurace s rychlým občerstvením,,Restavracije – hitra hrana,,Reštaurácie – rýchle občerstvenie,,Restorani brze hrane,
,Irish Pubs,,Irish Pubs,,Irländska pubar,,Pubs irlandais,,,Ιρλανδικές Παμπ,,Pubs irlandeses,,Irish Pubs,,Irské hospody,,Irski pubi,,Írske krčmy,,Irski pabovi,
,Cafes,,Cafés ,,Kaféer,,Cafés,,,Καφέ,,Cafeterías,,Cafés,,Kavárny,,Kavarne,,Kaviarne,,Kafići,
,Catering,,Catering,,Catering,,Services de traiteur,,,Τροφοδοσία,,Catering,,Catering,,Catering,,Catering,,Catering,,Ugostiteljske usluge,
,Taverns,,Lokale,,Tavernor,,Tavernes,,,Ταβέρνες,,Tabernas,,Tabernas,,Taverny,,Taverne,,Hostince,,Konobe,
,Piano Bars,,Piano-Bars,,Pianobarer,,Pianos-bars,,,Πιάνο Μπαρ,,Piano bar,,Piano Bars,,Pianobary,,Piano bari,,Piano bary,,Piano barovi,
,Pizzerias,,Pizzerien,,Pizzerior,,Pizzérias,,,Πιτσαρίες,,Pizzerías,,Pizzarias,,Pizzerie,,Picerije,,Pizzerie,,Picerije,
,Restaurants,,Restaurants,,Restauranger,,Restaurants,,,Εστιατόρια,,Restaurantes,,Restaurantes,,Restaurace,,Restavracije,,Reštaurácie,,Restorani,
,Greek Restaurants,,Griechische Restaurants,,Grekiska restauranger,,Restaurants grecs,,,Ελληνικά Εστιατόρια,,Restaurantes griegos,,Restaurantes Gregos,,Řecké restaurace,,Grške restavracije,,Grécke reštaurácie,,Grčki restorani,
167,Exotic Restaurants,,Exotische Restaurants,,Exotiska restauranger,,Restaurants - cuisine exotique,,,Εστιατόρια - Εξωτική Κουζίνα,,Restaurantes – comida exótica,,Restaurantes - Cozinha Exótica,,Exotické restaurace,,Restavracije – eksotična kuhinja,,Reštaurácie – exotická kuchyňa,,Restorani egzotične kuhinje,
,Indian Restaurants,,Indische Restaurants,,Indiska restauranger,,Restaurants indiens,,,Ινδικά Εστιατόρια,,Restaurantes indios,,Restaurantes Indianos,,Indické restaurace,,Indijske restavracije,,Indické reštaurácie,,Indijski restorani,
169,Restaurants - International Cuisine,,Internationale Restaurants,,Restauranger – Internationell matlanging,,Restaurants - cuisine internationale,,,Εστιατόρια - Διεθνής Κουζίνα,,Restaurantes – cocina internacional,,Restaurantes - Cozinha Internacional,,Restaurace s mezinárodní kuchyní,,Restavracije – mednarodna kuhinja,,Reštaurácie – medzinárodná kuchyňa,,Restorani međunarodne kuhinje,
,Italian Restaurants,,Italienische Restaurants,,Italienska restauranger,,Restaurants italiens,,,Ιταλικά Εστιατόρια,,Restaurantes italianos,,Restaurantes Italianos,,Italské restaurace,,Italijanske restavracije,,Talianske reštaurácie,,Italijanski restorani,
,Chinese Restaurants,,Chinesische Restaurants,,Kinesiska restauranger,,Restaurants chinois,,,Κινέζικα Εστιατόρια,,Restaurantes chinos,,Restaurantes Chineses,,Čínské restaurace,,Kitajske restavracije,,Čínske reštaurácie,,Kineski restorani,
,Seafood Restaurants,,Fisch-Restaurants,,Fisk- och skaldjursrestauranger,,Restaurants de fruits de mer,,,Εστιατόρια Θαλασσινών,,Marisquerías,,Marisqueiras,,Restaurace s mořskými plody,,Restavracije z morsko hrano,,Reštaurácie s darmi mora,,Restorani morske hrane,
,Serbian Restaurants,,Serbische Restaurants,,Serbiska restauranger,,Restaurants serbes,,,Σερβικά Εστιατόρια,,Restaurantes serbios,,Restaurantes Sérvios,,Srbské restaurace,,Srbske restavracije,,Srbské reštaurácie,,Srpski restorani,
,Sushi Restaurants,,Sushi-Restaurants,,Sushirestauranger,,Restaurants de sushi,,,Εστιατόρια Σούσι,,Restaurantes de sushi,,Restaurantes de Sushi,,Suši,,Suši restavracije,,Suši reštaurácie,,Suši restorani,
,Turkish Restaurants,,Türkische Restaurants,,Turkiska restauranger,,Restaurants turcs,,,Τουρκικά Εστιατόρια,,Restaurantes turcos,,Restaurantes Turcos,,Turecké restaurace,,Turške restavracije,,Turecké reštaurácie,,Turski restorani,
,French Restaurants,,Französische Restaurants,,Franska restauranger,,Restaurants français,,,Γαλλικά Εστιατόρια,,Restaurantes franceses,,Restaurantes Franceses,,Francouzské restaurace,,Francoske restavracije,,Francúzske reštaurácie,,Francuski restorani,
,Patisseries,,Patisserien,,Konditorier,,Pâtisseries,,,Ζαχαροπλαστεία,,Pastelerías,,Pastelarias,,Patisserie,,Slaščičarne,,Cukrárne,,Poslastičarnica,
,Ice-Cream Parlours,,Eiscafés,,Glassbarer,,Bars laitiers,,,Χώροι Παγωτού,,Heladerías,,Parlours de Gelados,,Cukrárny se zmrzlinou,,Sladoledni saloni,,Zmrzlinárne,,Prodavnica sladoleda,
,Tea Rooms,,Teestuben,,Teserveringer,,Salons de thé,,,Αίθουσες Τσαγιού,,Salones de té,,Salões de Chá,,Čajovny,,Čajne sobe,,Čajovne,,Čajdžinica,
,Campsites,,Campingplätze,,Campingplatser,,Terrains de camping,,,Κάμπινγκ,,Campings,,Parques de Campismo,,Tábořiště,,Kampi,,Kempy,,Kampovi,
,Ecotourism,,Ökotourismus,,Ekoturism,,Écotourisme,,,Οικοτουρισμός,,Ecoturismo,,Ecoturismo,,Ekoturistika,,Eko turizem  ,,Eko turizmus,,Ekoturizam,
,Holiday Centres,,Ferienzentren,,Lägenhetshotell,,Centres de villégiature,,,Κέντρα Διακοπών,,Centros de vacaciones,,Centros de Férias,,Prázdninová střediska,,Počitniški centri,,Dovolenkové strediská,,Centri za odmor,
,Holiday Villas and Bungalows,,Ferienvillen und Bungalows,,Semestervillor,,Villas et maisons de vacances,,,Βίλες και Μπανγκαλόου Διακοπών,,Bungalós y chalés de vacaciones,,Villas e Bungalows de Férias,,Prázdninové vily a bungalovy,,Počitniške vile in bungalovi,,Dovolenkové vily a bungalovy,,Vile i bungalovi za odmor,
,Hostels,,Hostels,,Gästhem,,Auberges,,,Ξενώνες,,Hostales,,Pensões,,Hostely,,Hostli,,Hostely,,Hosteli,
,Hotels,,Hotels,,Hotell,,Hôtels,,,Ξενοδοχεία,,Hoteles,,Hotéis,,Hotely,,Hoteli,,Hotely,,Hoteli,
,Motels,,Motels,,Motell,,Motels,,,Μοτέλ,,Moteles,,Motéis,,Motely,,Moteli,,Motely,,Moteli,
,Mountain Hostels,,Berghostels,,Vandrarhem,,Auberges de montagne,,,Ορεινοί Ξενώνες,,Hostales de montaña,,Pensões de Montanha,,Horské hotely,,Gorski hostli,,Horské hotely,,Planinski hosteli,
,Rural Tourism,,Ländlicher Tourismus,,Landsbygdsturism,,Tourisme rural,,,Αγροτουρισμός,,Turismo rural,,Turismo Rural,,Venkovská turistika,,Podeželski turizem,,Vidiecky turizmus,,Seoski turizam,
,Locksmiths and Keys,,Schlüsseldienste,,Låssmeder och nycklar,,Serruriers,,,Κλειδαράδες και Κλειδιά,,Cerrajeros y llaves,,Serralheiros e Chaves,,Zámečnictví a výroba klíčů,,Ključavničarstvo in ključi ,,Železiarstvo a kľúče,,Bravari i ključari,
,Driving Schools and Instructors,,Fahrschulen,,Körskolor,,Écoles et professeurs de conduite,,,Σχολές και Εκπαιδευτές Οδήγησης,,Autoescuelas e instructores de conducción,,Escolas e Instrutores de Condução,,Autoškoly,,Šole vožnje in inštruktorji,,Autoškoly a inštruktori šoférovania ,,Auto škole i instruktori,
,Vets and Pet Care,,Tierärzte,,Veterinärer och djurvård,,Vétérinaires et soins animaliers,,,Κτηνίατροι και Φροντίδα Κατοικίδιων,,Veterinarios y cuidado de mascotas,,Veterinários e Cuidado de Animais de Estimação,,Veterináři,,Veterinarji in oskrba živali,,Veterinári a starostlivosť o zvieratá,,Veterinari i briga o kućnim ljubimcima,
,Car Washes,,Waschanlagen,,Biltvättar,,Stations de lavage pour automobiles,,,Πλυντήρια Αυτοκινήτων,,Lavado de coches,,Lavagem Automóvel,,Myčky aut,,Avtopralnice,,Umývanie áut,,Autopraonice,
,Household and Professional Appliances Repairs,,Reparaturen von Haushaltsgeräten,,Reparationsverkstäder för hushållsutrustning,,Réparation d’appareils ménagers et commerciaux,,,Επισκευές Οικιακών και Επαγγελματικών Συσκευών,,Reparación de aparatos domésticos y profesionales,,Reparação de Aparelhos Domésticos e Profissionais,,Oprava domácích i profesionálních spotřebičů,,Popravilo hišnih in profesionalnih naprav,,Domáca a profesionálna oprava spotrebičov,,Aparati za domaćinstvo i profesionalni aparati,
,Computer Maintenance and Repairs,,Computerwartung und Reparatur,,Datorservice och reparationer,,Techniciens informatiques,,,Συντήρηση και Επισκευές Υπολογιστών,,Mantenimiento y reparación de ordenadores,,Manutenção e Reparação de Computadores,,Údržba a opravy počítačů,,Vzdrževanje in popravilo računalnikov,,Údržba a oprava počítačov,,Održavanje i servisiranje računara,
,Courier Services,,Kurierdienste,,Kurirtjänster,,Services de messagerie,,,Υπηρεσίες Κούριερ,,Servicios de mensajería,,Serviços de Correio,,Kurýrní služby,,Kurirske storitve,,Kuriérske služby,,Kurirske usluge,
,Shoe and Leather Goods Repairs,,Schuhmacher und Lederer,,Skomakare,,Cordonniers,,,Επισκευές Υποδημάτων και Δερμάτινων Ειδών,,Reparación de zapatos y artículos de cuero,,Reparação de Artigos de Calçado e Couro,,Opravny obuvi a kůže,,Popravilo čevljev in usnjenih izdelkov,,Opravy topánok a koženého tovaru,,Obućari i kožari,
,Building and Repair Services,,Hausmeisterdienste,,Byggnadsreparationer,,Services de réparation et de construction,,,Οικοδομικές και Επισκευαστικές Υπηρεσίες,,Servicios de construcción y reparaciones,,Serviços de Construção e Reparação,,Stavební a opravářské služby,,Gradbene storitve in popravila,,Stavebné a opravárske služby,,Kućni majstori,
,Taxis,,Taxiunternehmen,,Taxi,,Taxis,,,Ταξί,,Taxis,,Táxis,,Taxislužby,,Taksiji,,Taxi,,Taksi službe,
,Dry Cleaning,,Trockenreinigung,,Kemtvätt,,Nettoyage à sec,,,Στεγνοκαθαριστήρια,,Lavado en seco,,Lavagem a Seco,,Čistírny,,Suho čiščenje,,Chemické čistenie,,Hemijsko čišćenje,
,Kennels and Catteries,,Hunde- und Katzenheim,,Kennlar och katterier,,Chenils et animaleries,,,Κυνοκομεία και Εκτροφεία,,Albergues para gatos y perros,,Canis e Gatis,,Psí a kočičí útulky,,Pasji in mačji hoteli,,Chovateľské stanice pre psi a mačky,,Smještaj za pse i mačke,
,Dressmaking Services,,Kleidermacher,,Skräddare,,Couturiers,,,Υπηρεσίες Ένδυσης,,Modistas,,Serviços de Costura,,Dámské krejčovství,,Izdelava oblek,,Krajčírske služby,,Krojači,
,Horse Riding,,Reiten,,Ridning,,Équitation,,,Ιππασία,,Equitación,,Equitação,,Jezdectví,,Konjeništvo,,Jazda na koni,,Jahanje konja,
,Hunting and Fishing,,Jagen und Fischen,,Jakt och fiske,,Chasse et pêche,,,Κυνήγι και Ψάρεμα,,Caza y pesca,,Caça e Pesca,,Lov a rybaření,,Lov in ribolov,,Lov a rybárčenie,,Lov i ribolov,
,Divers; Diving Schools and Equipment,,Tauchen; Tauchschule und Ausrüstung,,Dykare: Dykskolor och utrustning,,Écoles et équipement de plongée,,,Δύτες: Σχολές καταδύσεων και Εξοπλισμός,,Escuelas y equipos de buceo,,Mergulhadores ; Escolas e Equipamentos de Mergulho,,Potápění; školy potápění a vybavení,,Potapljanje; Potapljaška šola in oprema,,"Potápači, školy potápania a vybavenie",,Ronioci; Ronilačke škole i oprema,
,Extreme Sports and Outdoor Pursuits,,Extremsport und Outdoor-Aktivitäten,,Extremsporter och utomhusaktiviteter,,Sports extrêmes et plein air,,,Ακραίος Αθλητισμός και Υπαίθριες Δραστηριότητες,,Actividades y deportes extremos al aire libre,,Desportos Radicais e Atividades ao Ar Livre,,Extrémní sporty a outdoorové aktivity,,Ekstremni športi in zunanje aktivnosti,,Extrémne športy a aktivity pod holým nebom,,Ekstremni sportovi i aktivnosti na otvorenom,
,Fitness Clubs and Gyms,,Fitnessstudios,,Motionsklubbar och gym,,Gyms et centres de conditionnement physique,,,Γυμναστήρια,,Gimnasios y clubes de fitness,,Clubes e Ginásios de Fitness,,Fitnesskluby a posilovny,,Fitnes klubi in telovadnice,,Fitnes kluby a telocvične,,Fitnes klubovi i teretane,
,Golf,,Golf,,Golf,,Golf,,,Γκολφ,,Golf,,Golfe,,Golf,,Golf,,Golf,,Golf,
,Martial Arts and Sports,,Kampfsport und Kampfkunst,,Kampsport,,Arts martiaux,,,Πολεμικές Τέχνες και Αθλήματα,,Deportes y artes marciales,,Artes e Desportos Marciais,,Bojové umění a sport,,Borilne veščine in športi,,Bojové umenia a športy,,Borilačke vještine i sportovi,
,Professional Sports Clubs and Organizations,,Professionelle Sportvereine,,Professionella sportklubbar och organisationer,,Organisations sportives professionnelles,,,Επαγγελματικοί Αθλητικοί Σύλλογοι και Οργανισμοί,,Organizaciones y clubes deportivos profesionales,,Clubes e Organizações Desportivas Profissionais,,Profesionální sportovní kluby a organizace,,Profesionalni športni klubi in organizacije,,Profesionálne športové kluby a organizácie,,Profesionalni sportski klubovi i organizacije,
,Sports Halls,,Sporthallen,,Sporthallar,,Salles de sport,,,Αίθουσες Αθλητισμού,,Recintos deportivos,,Locais de Eventos Desportivos,,Sportovní haly,,Športne dvorane,,Športové haly,,Sportske hale,
,Swimming Pools,,Schwimmbäder,,Simhallar,,Piscines,,,Πισίνες,,Piscinas,,Piscinas,,Bazény,,Bazeni,,Kúpaliská,,Bazeni,
,Tennis Courts,,Tennisplätze,,Tennisbanor,,Courts de tennis,,,Γήπεδα τένις,,Pistas de tenis,,Campos de Ténis,,Tenisové kurty,,Tenis igrišča,,Tenisové kurty,,Teniski tereni,
,Winter Sports and Facilities,,Wintersportanlagen,,Vintersport och faciliteter,,Sports d’hiver et installations,,,Χειμερινά Σπορ και Εγκαταστάσεις,,Instalaciones para deportes de invierno,,Desportos e Instalações de Inverno,,Zimní sporty a areály,,Zimski športi in objekti,,Zimné športy a zariadenia,,Zimski sportovi i objekti,
,Auto Repairs,,Autowerkstätten,,Bilreparationer,,Réparation de voitures,,,Επισκευές Αυτοκινήτων,,Reparación de vehículos,,Reparação Automóvel,,Autoopravny,,Popravilo avtomobilov,,Oprava áut,,Autoservisi,
,Bicycles and Motorbikes,,Fahrräder und Motorräder,,Cyklar och motorcyklar,,Bicyclettes et motocyclettes,,,Ποδήλατα και Μοτοσικλέτες,,Motos y bicicletas,,Bicicletas e Motas,,Kola a motocykly,,Kolesa in motorna kolesa,,Bicykle a motorky,,Bicikli i motocikli,
,Domestic Cleaning,,Hausreinigung,,Hemstädning,,Entretien ménager,,,Οικιακός Καθαρισμός,,Limpieza doméstica,,Limpeza Doméstica,,Úklid domácnosti,,Hišno čiščenje,,Upratovanie domácnosti,,Čišćenje stambenog prostora,
,Framing,,Rahmenbau,,Inramning,,Services d’encadrement,,,Κορνιζοποιία,,Marquetería,,Conceção,,Rámování,,Okvirjanje,,Rámovanie,,Uramljivanje,
,Car Parts and Accessories,,Auto-Ausstattung,,Bildelar och biltillbehör,,Pièces et accessoires d’automobile,,,Ανταλλακτικά και Αξεσουάρ Αυτοκινήτων,,Accesorios y partes para vehículos,,Peças e Acessórios para Automóveis,,Náhradní díly a příslušenství pro auta,,Avtomobilski deli in pripomočki,,Autodiely a príslušenstvo,,Auto dijelovi i pribor,
,Building Materials Shops,,Baubedarf,,Byggnadskonstruktion,,Boutiques de matériaux de construction,,,Καταστήματα Οικοδομικών Υλικών,,Tiendas de materiales de construcción,,Lojas de Materiais de Construção,,Stavebniny,,Trgovine z gradbenimi pripomočki,,Obchody so stavebnými materiálmi,,Prodavnice građevinskog materijala,
,Painting Services,,Maler,,Målare,,Peintres en bâtiment,,,Υπηρεσίες Βαφής,,Servicios de pintura,,Serviços de Pintura,,Malířství,,Slikarske storitve,,Maliarske služby,,Slikarstvo,
,Plumbing and Sewerage Repairs,,Installateure,,Rörmokare,,Plomberie,,,Υδραυλικές και Αποχετευτικές Υπηρεσίες,,Fontanería y reparación de tuberías,,Reparação de Canalização e Esgotos,,Instalatéři,,Popravilo vodovodov in kanalizacije,,Vodotechnika a oprava kanalizácie,,Popravke vodovodnih i kanalizacionih instalacija,
,Rope Access Services - Exterior Building Maintenance,,Außeninstandhaltung von Gebäuden,,Rope access – Exteriör och byggnadsreparationer på hög höjd,,Travaux sur corde ; entretien extérieur,,,Υπηρεσίες Πρόσβασης με Σχοινί - Εξωτερική Συντήρηση Κτιρίων,,Trabajos verticales – mantenimiento exterior de edificios,,Serviços de Acesso por Corda - Manutenção Predial Exterior,,Výškové práce; vnější údržba budov,,Višinska dela – Vzdrževanje zunanjosti zgradbe,,Služby prístupu na lane – vonkajšia údržba budov,,Usluge industrijskog alpinizma – vanjsko održavanje zgrada,
,Bed Linen; Towels and Table Covers,,Bettzeug; Handtücher und Tischdecken,,Sängkläder; Handdukar och borddukar,,"Literie, nappes et serviettes de table",,,"Σεντόνια, Πετσέτες και Τραπεζομάντιλα",,"Ropa de cama, toallas y manteles",,Lençóis; Toalhas e Capas de Mesa,,"Povlečení, ručníky a ubrusy",,Posteljnina; Brisače in namizni prti,,"Posteľná bielizeň, uteráky a obrusy",,Posteljina; Peškiri i stolnjaci,
,Photo and Video Shops and Services,,Foto und Video-Geschäfte und Dienstleistungen,,Foto- och videobutiker och -service,,Boutiques et services photo et vidéo,,,Καταστήματα και Υπηρεσίες Φωτογραφίας και Βίντεο,,Servicios y tiendas de fotografía y vídeo,,Lojas e Serviços de Foto e Vídeo,,Fotografické a video služby,,Fotografske in snemalne trgovine in storitve,,Fotografické a video obchody a súvisiace služby,,Foto i video prodavnice i usluge,
,Nurseries and Kindergartens,,Kitas und Kindergärten,,Daghem och förskolor,,Crèches et garderies,,,Παιδικοί Σταθμοί και Νηπιαγωγεία,,Jardines de infancia y guarderías,,Berçários e Jardins de Infância,,Jesle a školky,,Vrtci in male šole,,Škôlky a jasle,,Jaslice i obdaništa,
,Homemade Children's Food,,Hausgemachtes Essen für Kinder,,Hemlagad barnmat,,Nourriture maison pour enfants,,,Σπιτικό Φαγητό Παιδιών,,Comida para niños,,Comida Caseira Infantil,,Domácí potraviny pro děti,,Domača otroška hrana,,Domáce jedlo pre deti,,Domaća dječija hrana,
,Carpets and Flooring,,Teppiche und Böden,,Heltäckningsmattor och golvbeläggningar,,Tapis et planchers,,,Χαλιά και Δάπεδα,,Moquetas y suelos,,Tapetes e Pisos,,Koberce a podlahy,,Preproge in tla,,Koberce a podlahy,,Tepisi i podovi,
,Blinds and Awnings,,Jalousien und Rollladen,,Persienner och markiser,,Stores et toiles,,,Περσίδες και Τέντες,,Persianas y toldos,,Persianas e Toldos,,Žaluzie a markýzy,,Žaluzije in nadstreški,,Rolety a markízy,,Roletne i tende,
,Floor Sanding and Polishing,,Bodenschleifen und Politur,,Golvslipning och boning,,Sablage et polissage des planchers,,,Λείανση και Στίλβωση Δαπέδων,,Lijado y pulido de suelos,,Lixamento e Polimento de Pisos,,Broušení a leštění podlah,,Brušenje in loščenje tal,,Pieskovanie a leštenie podlahy,,Brušenje i poliranje podova,
,Double Glazing Repairs,,Reparatur von Doppelverglasung,,Reparation av isolerrutor,,Réparation de double vitrage,,,Επισκευές Διπλών Υαλοπινάκων,,Reparaciones de cristales dobles,,Reparação de Vidro Duplo,,Opravy dvojitého skla,,Popravilo dvojnih zasteklitev,,Opravy dvojitého zasklenia,,Usluge zastakljivanja,
,Pest Control and Disinfection,,Schädlingsbekämpfung,,Skadedjursbekämpning och desinfektion,,Exterminateurs,,,Καταπολέμηση Παρασίτων και Απολύμανση,,Control de plagas y desinfección,,Controlo e Desinfeção de Pragas,,Hubení škůdců a dezinfekce,,Deratizacija in dezinfekcija,,Boj proti škodcom a dezinfekcia,,Deratizacija i dezinfekcija,
,Removals - Home and Office,,Aufräumarbeiten,,Flyttfirmor – Hem och företag,,Déménagements résidentiels et commerciaux,,,Μετακομίσεις - Σπίτι και Γραφείο,,Mudanzas de hogar y oficinas,,Remoções - Casa e Escritório,,Vyklízení – domov a kancelář,,Selitve – Dom in pisarna,,Búranie – domy a kancelárie,,Selidbe – kuće i kancelarije,
,Mattresses and Bedding,,Matratzen und Bettzeug,,Madrasser och sängkläder,,Matelas et literie,,,Στρώματα και Κρεβάτια,,Colchones y ropa de cama,,Colchões e Camas,,Matrace a lůžkoviny,,Žimnice in posteljnina,,Matrace a posteľné príslušenstvo,,Dušeci i posteljina,
,Household Goods and Accessories,,Haushaltsgegenstände,,Hushållsutrustning och -tillbehör,,Produits et accessoires de maison,,,Οικιακά Είδη και Αξεσουάρ,,Bienes y accesorios para el hogar,,Artigos e Acessórios Domésticos,,Zboží a doplňky do domácnosti,,Gospodinjski pribor in pripomočki,,Vybavenie a príslušenstvo pre domácnosť,,Robe i pribor za domaćinstvo,
,Haberdashery and Passemanterie,,Herrenartikelgeschäft,,Sybehör och snörmakerier,,Mercerie et passementerie,,,Ψιλικά και Διακοσμητικά,,Mercería y pasamanería,,Retrosaria e Passemanterie,,Galanterie a krajky,,Galanterija in izdelovanje trakov,,Galantéria a vyšívanie,,Galanterija i pozamanterija,
,Knitwear and Underwear,,Unterwäschegeschäft,,Stickat och underkläder,,Tricots et sous-vêtements,,,Πλεκτά και Εσώρουχα,,Ropa de punto y ropa interior,,Malhas e Roupa Interior,,Pletené zboží a spodní prádlo,,Pletenine in spodnje perilo,,Pletený tovar a spodná bielizeň,,Trikotaža i rublje,
,Bags; Suitcases and Accessories,,"Taschen, Koffer und Accessoires",,Väskor; Resväskor och tillbehör,,"Sacs, valises et accessoires",,,"Τσάντες, Βαλίτσες και Αξεσουάρ",,"Bolsos, maletas y accesorios",,Sacos; Malas e Acessórios,,Zavazadla; kufry a příslušenství,,Torbe; Kovčki in pripomočki,,"Tašky, kufre a príslušenstvo",,Torbe; Koferi i oprema,
,Vegetarian Restaurants,,Restaurants – Rohkost und vegetarisch,,Restauranger – Råkost och vegetarisk kost,,Restaurants - végétariens,,,Εστιατόρια - Ωμοφαγία και Χορτοφαγία,,Restaurantes – crudívoros y vegetarianos,,Restaurantes - Comida Crua e Vegetariana,,Restaurace – syrová a vegetariánská kuchyně,,Restavracije – Surova in vegetarijanska prehrana,,Reštaurácie – surové jedlo (raw) a vegetariánske,,Restorani sirove i vegetarijanske hrane,
,Nature Attractions,,Naturattraktionen,,Naturattraktioner,,Attractions naturelles,,,Φυσικά Αξιοθέατα,,Atracciones naturales,,Atrações da Natureza,,Přírodní zajímavosti,,Naravne atrakcije,,Prírodné atrakcie,,Prirodne atrakcije,
,Pet Shops,,Kleintiergeschäfte,,Zooaffärer,,Animaleries,,,Καταστήματα Κατοικίδιων,,Pajarerías,,Lojas de Animais Domésticos,,Zverimexy,,Trgovine za živali,,Chovateľské potreby,,Prodavnice kućnih ljubimaca,
,Ski & Snowboard Schools,,Ski & Snowboard-Schulen,,Skidor och snowboardbutiker,,Écoles de ski et de planche à neige,,,Σχολές Σκι και Σνόουμπορντ,,Escuelas de esquí y snowboard,,Escolas de Ski & Snowboard,,Lyžařské a snowboardové školy,,Šole smučanja in bordanja,,Lyžiarske a snowboardové školy,,Škole skijanja i snoubordinga,
,Ski & Snowboard Rental,,Ski & Snowboard-Verleih,,Uthyrning av skidor och snowboards,,Location de skis et de planches à neige,,,Ενοικιάσεις Σκι και Σνόουμπορντ ,,Alquiler de esquí y snowboard,,Aluguer de Ski & Snowboard,,Pronájem lyží a snowboardů,,Izposoja smuči in bordov,,Prenájom lyží a snowboardov,,Iznajmljivanje opreme za skijanje i snoubording,
,Skating-rinks,,Eislaufbahn,,Skridskobanor,,Patinoires,,,Πατινάζ-Παγοδρόμια,,Pistas de patinaje,,Ringues de Patinagem,,Kluziště,,Drsališča,,Klziská ,,Klizališta,
,Radio Stations,,Radiostation,,Radiostationer,,Stations de radio,,,Ραδιοφωνικοί Σταθμοί,,Estaciones de radio,,Estações de Rádio,,Rozhlasové stanice,,Radijske postaje,,Rádio stanice,,Radio stanice,
,TV Stations,,TV-Station,,TV-stationer,,Stations de télévision,,,Τηλεοπτικοί Σταθμοί,,Estaciones de televisión,,Estações de TV,,Televizní stanice,,TV postaje,,TV stanice,,TV stanice,
,Juice Bars,,Saftbar,,Juicebarer,,Bars à jus,,,Μπαρ Χυμών,,Zumos y refrescos,,Bares de Sumos,,Džusbary,,Bari s sokovi,,Džúsové bary,,Prirodni sokovi,
,Kiosks and News-stands,,Kioske,,Kiosker och tidningskiosker,,Kiosques et marchands de journaux,,,Περίπτερα και Εφημεριδοπώλες,,Quioscos de prensa,,Quiosques e Bancas de Jornais,,Stánky a trafiky,,Kioski in trafike,,Kiosky a novinové stánky,,Kiosci,
,Concert Halls,,Konzerthallen,,Konserthallar,,Salles de concert,,,Αίθουσες Συναυλιών,,Salas de conciertos,,Salas de Concerto,,Koncertní síně,,Koncertne dvorane,,Koncertné haly,,Koncertne dvorane,
,Cultural Centers,,Kulturzentren,,Kulturcenter,,Centres culturels,,,Πολιτιστικά Κέντρα,,Centros culturales,,Centros Culturais,,Kulturní centra,,Kulturni centri,,Centrá kultúry,,Kulturni centri,
,Caravan and Campervan Dealers,,Wohnwagenverkäufer,,Husvagns- och husbilsförsäljare,,Concessionnaires de véhicules récréatifs,,,Έμποροι Τροχόσπιτων και Αυτοκινούμενων,,Vendedores de caravanas y autocaravanas,,Vendedores de Caravanas e Autocaravanas,,Prodejci karavanů a obytných vozů,,Prodajalci prikolic in avtodomov,,Predajcovia karavanov a dodávok na kempovanie,,Prodavci karavnskih i kamp vozila,
,Car Tyres,,Autoreifen,,Bildäck,,Pneus d’auto,,,Ελαστικά Αυτοκινήτων,,Neumáticos,,Pneus de Automóveis,,Pneumatiky,,Avtomobilske gume,,Pneumatiky – autá,,Auto gume,
,Shops,,Geschäfte,,Butiker,,Boutiques,,,Καταστήματα,,Tiendas,,Lojas,,Prodejny,,Trgovine,,Obchody,,Prodavnice,
,Stationery and Office Supplies,,Bürobedarf,,Papper och kontorstillbehör,,Articles de papeterie,,,Γραφική Ύλη και Είδη Γραφείου,,Papelería y suministros de oficina,,Artigos de Papelaria e Material de Escritório,,Papírnictví a vybavení kanceláře,,Pisarniški material,,Papiernictva a kancelárske potreby,,Papirna konfekcija i kancelarijski materijal,
,E-commerce and Mail Order,,E-Commerce ,,E-handel och postorder,,Vente en ligne et vente par catalogue,,,Ηλεκτρονικό Εμπόριο και Παραγγελίες με Αλληλογραφία,,Comercio electrónico y correspondencia,,E-commerce e Ordem de Correio,,E-shopy a zasilatelství,,E-trgovine in naročila prek e-pošte,,Elektronický obchod a poštová objednávka,,E-trgovina i kupovina putem Interneta,
263,Rental Services – Equpiment,,Verleih,,Uthyrningstjänster,,Services de location,,,Υπηρεσίες Ενοικίασης,,Servicios de alquiler,,Serviços de Aluguer,,Služby pronájmy,,Izposoja,,Služby na prenájom,,Usluge iznajmljivanja,
,Physiotherapy,,Physiotherapie,,Sjukgymnastik,,Physiothérapie,,,Φυσιοθεραπεία,,Fisioterapia,,Fisioterapia,,Rehabilitace,,Fizioterapija,,Fyzioterapia,,Fizioterapija,
,Boats and Boating Accessories,,Boote und Bootszubehör,,Båtar och seglingsutrustning,,Bateaux et accessoires nautiques,,,Σκάφη και Αξεσουάρ Σκαφών,,Barcos y accesorios para barcos,,Barcos e Acessórios Náuticos,,Lodě a lodní vybavení,,Čolni in pripomočki,,Člne a príslušenstvo pre člny,,Čamci i pribor za čamce,
,Water Transport,,Wassertransport,,Vattentransporter,,Transport sur l’eau,,,Θαλάσσιες Μεταφορές,,Transporte acuático,,Transporte Aquático,,Vodní přeprava,,Vodni transport,,Vodné športy,,Vodeni prevoz,
,Childrens Clothes Shops,,Geschäfte für Kinderkleidung,,Barnkläder,,Boutiques de vêtements pour enfants,,,Καταστήματα Παιδικών Ενδυμάτων,,Tiendas de ropa infantil,,Lojas de Roupa de Criança,,Prodejny s dětským oblečením,,Trgovine z otroškimi oblačili,,Obchod s oblečením pre deti,,Prodavnice dječije odjeće,
,Motorbikes Dealers and Repairs,,Motorräder; Verkauf und Reparatur,,Motorcyklar: försäljning och reparationer,,Concessionnaires et réparateurs de motocyclettes,,,Έμποροι Μοτοσικλετών και Επισκευές,,Venta y reparación de motos,,Vendedores e Reparações de Motos,,Prodej a opravy motocyklů,,Prodaja in popravilo motornih koles,,Predajcovia a opravári motoriek,,Prodavci i serviseri motocikla ,
,Currency Exchange,,Währungsumtausch,,Valutaväxling,,Bureaux de change,,,Συνάλλαγμα,,Cambio de divisa,,Câmbio de Moeda,,Směnárny,,Menjalnica,,Zmenáreň,,Mjenjačnica,
,Temporary Staff Agencies,,Zeitarbeitsagenturen,,Bemanningsföretag,,Entreprises de travail temporaire,,,Γραφεία Προσωρινού Προσωπικού,,Agencias de personal temporal,,Agências de Pessoal Temporário,,Zprostředkování brigád,,Agencije z začasnim osebjem,,Agentúry pre dočasných zamestnancov,,Agencije za privremeno zapošljavanje,
,Telecom Stores and Resellers,,Telekom-Geschäfte und Reseller,,Telebutiker och återförsäljare,,Boutiques de télécommunication et revendeurs,,,Καταστήματα και Μεταπωλητές Τηλεπικοινωνιών,,Tiendas y reventa de telecomunicaciones,,Lojas e Revendedores Telecom,,Prodejci telekomunikačních služeb,,Telefonske trgovine in preprodajalci,,Telekomunikačné predajne a predajcovia,,Telekomunikacione prodavnice i preprodavci,
,Portuguese Restaurants,,Portugiesische Restaurants,,Portugisiska restauranger,,Restaurants portugais,,,Πορτογαλικά Εστιατόρια,,Restaurantes portugueses,,Restaurantes Portugueses,,Portugalské restaurace,,Portugalske restavracije,,Portugalské reštaurácie,,Portugalski restorani,
,Brasseries,,Brasserien,,Brasserier,,Brasseries,,,Μπυραρίες,,Café-restaurante,,Cervejarias,,Brasserie,,Pivnice,,Reštaurácie brasserie,,Taverne,
,British Restaurants,,Britische Restaurants,,Engelska restauranger,,Restaurants anglais,,,Βρετανικά Εστιατόρια,,Restaurantes británicos,,Restaurantes Britânicos,,Britské restaurace,,Britanske restavracije,,Britské reštaurácie,,Britanski restorani,
,Modern European Restaurants,,Moderne europäische Restaurants,,Moderna europeiska restauranger,,Restaurants européens modernes,,,Σύγχρονα Ευρωπαϊκά Εστιατόρια,,Restaurantes europeos de vanguardia,,Restaurantes Europeus Modernos,,Moderní evropské restaurace,,Moderne evropske restavracije,,Moderné európske reštaurácie,,Moderni evropski restorani,
,Tapas Bars,,Tapas Bars,,Tapasbarer,,Bars à tapas,,,Τάπας Μπαρ,,Bares de tapas,,Bares de Tapas,,Tapas bary,,Tapas bari,,Tapas bary,,Tapas barovi,
,Vietnamese Restaurants,,Vietnamesische Restaurants,,Vietnamesiska restauranger,,Restaurants vietnamiens,,,Βιετναμέζικα Εστιατόρια,,Restaurantes vietnamitas,,Restaurantes Vietnamitas,,Vietnamské restaurace,,Vietnamske restavracije,,Vietnamské reštaurácie,,Vijetnamski restorani,
,Thai Restaurants,,Thai Restaurants,,Thairestauranger,,Restaurants thaïs,,,Ταϊλανδέζικα Εστιατόρια,,Restaurantes tailandeses,,Restaurantes Tailandeses,,Thajské restaurace,,Tajske restavracije,,Thajské reštaurácie,,Tajlandski restorani,
280,Mediterranean restaurants,,Mediterrane Restaurants,,Medelhavsrestauranger,,Restaurants méditerranéens,,,Μεσογειακά Εστιατόρια,,Restaurantes mediterráneos,,Restaurantes Mediterrânicos,,Středomořské restaurace,,Mediteranske restavracije,,Stredomorské reštaurácie,,Mediteranski restorani,
,Hair Removal,,Haarentfernung,,Hårborttagning,,Épilation,,,Αποτρίχωση,,Eliminación de vello,,Depilação,,Depilace,,Odstranjevanje dlak,,Depilácia,,Depilacija,
,Stadiums,,Stadien,,Idrottsplatser,,Stades,,,Στάδια,,Estadios,,Estádios,,Stadióny,,Stadioni,,Štadióny,,Stadioni,
,Football Pitches,,Fußballplätze,,Fotbollsplaner,,Terrains de football,,,Ποδοσφαιρικά Γήπεδα,,Pistas de fútbol,,Campos de Futebol,,Fotbalová hřiště,,Nogometna igrišča,,Futbalové ihriská,,Fudbalski tereni,
,,,,,,,,,,,,,,,,,,,,,,,
,SECTORS,,Bereiche,,SEKTORER,,CATÉGORIES,,,ΤΟΜΕΙΣ,,SECTORES,,SETORES,,SEKTORY,,SEKTORJI,,ODVETVIA,,SEKTORI,
,Automotive,,Automotive,,Motor,,Automobile,,,Αυτοκίνητο,,Automovilístico,,Automotivo,,Automobily,,Avtomobilizem,,Auto-moto,,Automobilizam,
,Beauty ,,Beauty,,Skönhet,,Beauté,,,Ομορφιά,,Belleza,,Beleza,,Krása,,Lepota,,Krása,,Ljepota,
,Building & Construction,,Bau,,Bygg och anläggning,,Construction et architecture,,,Δόμηση & Κατασκευή,,Construcción y edificios,,Construção Civil,,Stavebnictví,,Gradnja in konstrukcija,,Stavebníctvo,,Visokogradnja i niskogradnja,
,Children,,Kinder,,Barn,,Enfants,,,Παιδί,,Niños,,Crianças,,Děti,,Otroci,,Deti,,Djeca,
,Cinema & Theatre,,Kino & Theater,,Bio & teater,,Cinémas et théâtres,,,Κινηματογράφος & Θέατρο,,Cine y teatro,,Cinema & Teatro,,Kino a divadlo,,Kinodvorane in gledališča,,Kino a divadlo,,Bioskop i pozorište,
,Coffee & Tea,,Kaffee & Tee,,Kaffe och te,,Café et thé,,,Καφές & Τσάι,,Café y té,,Café & Chá,,Káva a čaj,,Kava in čaj,,Káva a čaj,,Kafa i čaj,
,Drinking Out,,Ausgehen,,Dricka ute,,Sortir boire,,,Έξοδος για Ποτό,,Copas,,Beber Fora,,Pití,,Pijača na prostem,,Pitie,,Izlasci na piće,
,Eating Out,,Essen gehen,,Äta ute,,Sortir manger,,,Έξοδος για Φαγητό,,Restaurantes,,Comer Fora,,Stravování,,Hrana na prostem,,Jedenie,,Izlasci u restorane,
,Education,,Bildung,,Utbildning,,Éducation,,,Εκπαίδευση,,Educación,,Educação,,Vzdělávání,,Izobrazba,,Vzdelanie,,Obrazovanje,
,Entertainment,,Unterhaltung,,Underhållning,,Divertissement,,,Διασκέδαση,,Entretenimiento,,Diversão,,Zábava,,Zabava,,Zábava,,Zabava,
,Food & Drink,,Essen & Trinken,,Mat & dryck,,Nourriture et boissons,,,Φαγητό & Ποτό,,Comida y bebida,,Alimentação & Bebidas,,Jídlo a pití,,Hrana in pijača,,Jedlo a pitie,,Hrana i piće,
,Health & Medical,,Gesundheit & Medizin,,Hälsa och sjukvård,,Santé et médecine,,,Υγεία & Ιατρική,,Salud y medicina,,Saúde & Medicina,,Zdraví a lékařství,,Zdravje in medicina,,Zdravie a zdravotníctvo,,Zdravlje i medicina,
,Home & Garden,,Zuhause & Garten,,Hem och trädgård,,Maison et jardin,,,Σπίτι & Κήπος,,Hogar y jardín,,Casa & Jardim,,Domov a zahrada,,Dom in vrt,,Domov a záhrada,,Kuća i bašta,
,Landmarks,,Wahrzeichen,,Landmärken,,Lieux historiques,,,Ορόσημα,,Lugares de importancia,,Marcos,,Pamětihodnosti,,Znamenitosti,,Pamiatky,,Obilježja,
,Local Services,,Lokale Dienstleistungen,,Lokala tjänster,,Services locaux,,,Τοπικές Υπηρεσίες,,Servicios locales,,Serviços Locais,,Místní služby,,Lokalne storitve,,Miestne služby,,Lokalne usluge,
,Money & Finance,,Geld & Finanzen,,Pengar & finans,,Argent et finances,,,Χρήμα & Οικονομικά,,Dinero y finanzas,,Dinheiro & Finanças,,Peníze a finance,,Denar in finance,,Peniaze a financie,,Novac i finansije,
,Museums & Art,,Museen & Kunst,,Museer & konst,,Musées et arts,,,Μουσεία & Τέχνη,,Museos y arte,,Museus & Arte,,Muzea a umění,,Muzeji in umetnost,,Múzeá a umenie,,Muzeji i umjetnost,
,Nightlife,,Nachtleben,,Nattliv,,Vie nocturne,,,Νυχτερινή Ζωή,,Vida nocturna,,Vida Noturna,,Noční život,,Nočno življenje,,Nočný život,,Noćni život,
,Other Services,,Andere Dienstleistungen,,Övriga tjänster,,Autres services,,,Άλλες Υπηρεσίες,,Otros servicios,,Outros Serviços,,Jiné služby,,Druge storitve,,Ostatné služby,,Ostale usluge,
,Outdoor,,Outdoor,,Utomhus,,Extérieur,,,Έξοδος,,Exterior,,Ao ar livre,,Outdoor,,Zunanjost,,Pod holým nebom,,Aktivnosti na otvorenom,
,Pets,,Haustiere,,Husdjur,,Animaux domestiques,,,Κατοικίδια,,Mascotas,,Animais de Estimação,,Zvířata,,Hišni ljubljenčki,,Domáce zvieratá,,Kućni ljubimci,
,Professional Services,,Professionelle Dienstleistungen,,Professionella tjänster,,Services professionnels,,,Επαγγελματικές Υπηρεσίες,,Servicios profesionales,,Serviços Profissionais,,Profesionální služby,,Profesionalne storitve,,Profesionálne služby,,Profesionalne usluge,
,Public Services,,Öffentliche Dienstleistungen,,Offentliga tjänster,,Services publics,,,Δημόσιες Υπηρεσίες,,Servicios públicos,,Serviços Públicos,,Veřejné služby,,Javne storitve,,Verejné služby,,Javne usluge,
,Shopping,,Shopping,,Shopping,,Magasinage,,,Αγορές,,Compras,,Compras,,Nakupování,,Nakupovanje,,Nakupovanie,,Kupovina,
,Sport & Fitness,,Sport & Fitness,,Sport & motion,,Sports et mise en forme,,,Αθλήματα & Γυμναστική,,Deportes y forma física,,Desporto & Fitness,,Sport a fitness,,Šport in fitnes,,Šport a fitnes,,Sport i fitnes,
,Technology,,Technologie,,Teknologi,,Technologies,,,Τεχνολογία,,Tecnología,,Tecnologia,,Technologie,,Tehnologija,,Technológie,,Tehnologija,
,Travel & Accommodation,,Reise & Unterkunft,,Resor och inkvartering,,Voyages et hébergement,,,Ταξίδια & Διαμονή,,Viajes y alojamiento,,Viagens & Alojamento,,Cestování a ubytování,,Potovanje in nastanitev,,Cestovanie a ubytovanie,,Putovanje i smještaj,
